code,name,description,category,url,status,public-database
,,,,,active,False
,,,,,active,False
,,,,,active,False
,,,,,active,False
,,,,,active,False
,,,,,active,False
,,,,,active,False
,,,,,active,False
,,,,,active,False
,,,,,active,False
,,,,,active,False
,,,,,active,False
,,,,,active,False
,,,,,active,False
,,,,,active,False
,,,,,active,False
,,,,,active,False
,,,,,active,True
,,,,,active,False
,,,,,active,True
,,,,,active,True
,,,,,active,False
,,,,,active,False
,,,,,active,True
,,,,,active,False
,,,,,active,False
,,,,,withdrawn,False
,,,,,active,True
,,,,,active,False
,,,,,active,True
,,,,,active,True
,,,,,active,False
,,,,,active,False
,,,,,active,True
,,,,,active,False
,,,,,active,False
,,,,,active,False
,,,,,active,False
,,,,,active,False
,,,,,active,False
,,,,,active,False
,,,,,active,False
,,,,,active,False
,,,,,active,False
,,,,,active,False
,,,,,active,False
,,,,,active,False
,,,,,active,True
,,,,,active,False
,,,,,active,False
,,,,,active,False
,,,,,active,True
,,,,,active,True
,,,,,active,False
,,,,,active,True
,,,,,active,False
,,,,,active,True
,,,,,active,False
,,,,,active,False
,,,,,active,False
,,,,,active,True
,,,,,active,False
,,,,,active,False
,,,,,active,False
,,,,,active,False
,,,,,withdrawn,False
,,,,,active,False
,,,,,active,True
,,,,,active,True
,,,,,active,True
,,,,,active,True
,,,,,active,False
,,,,,withdrawn,False
,,,,,active,True
,,,,,active,True
,,,,,active,True
,,,,,active,False
,,,,,active,True
,,,,,active,True
,,,,,active,True
,,,,,active,False
,,,,,active,False
,,,,,active,True
,,,,,active,False
,,,,,active,False
,,,,,active,False
,,,,,active,False
,,,,,active,True
,,,,,active,True
,,,,,active,True
,,,,,active,True
,,,,,withdrawn,False
,,,,,active,False
,,,,,active,False
,,,,,withdrawn,False
,,,,,active,False
,,,,,active,False
,,,,,active,False
,,,,,active,True
,,,,,active,False
,,,,,active,True
,,,,,active,False
,,,,,active,False
,,,,,active,True
,,,,,withdrawn,True
,,,,,active,False
,,,,,withdrawn,False
,,,,,active,True
,,,,,active,True
,,,,,active,True
,,,,,active,False
,,,,,active,False
,,,,,withdrawn,False
,,,,,active,True
,,,,,active,True
,,,,,active,True
,,,,,active,True
,,,,,active,False
,,,,,withdrawn,False
,,,,,active,True
,,,,,active,True
,,,,,active,True
,,,,,active,True
,,,,,active,False
,,,,,active,False
,,,,,active,False
,,,,,active,True
,,,,,withdrawn,False
,,,,,withdrawn,False
,,,,,active,False
,,,,,active,False
,,,,,active,True
,,,,,active,False
,,,,,active,True
,,,,,active,False
,,,,,active,False
,,,,,active,False
,,,,,active,True
,,,,,active,False
,,,,,active,False
,,,,,active,False
,,,,,active,False
,,,,,active,False
,,,,,active,False
,,,,,active,True
,,,,,active,False
,,,,,withdrawn,False
,,,,,active,False
,,,,,active,True
,,,,,active,True
,,,,,active,True
,,,,,active,False
,,,,,active,True
,,,,,active,True
,,,,,active,True
,,,,,active,True
,,,,,active,False
,,,,,active,True
,,,,,active,True
,,,,,active,True
,,,,,withdrawn,False
,,,,,withdrawn,False
,,,,,active,True
,,,,,active,False
,,,,,active,True
,,,,,active,True
,,,,,active,False
,,,,,withdrawn,False
,,,,,active,True
,,,,,active,False
,,,,,active,True
,,,,,active,False
,,,,,active,False
,,,,,active,False
,,,,,active,False
,,,,,active,False
,,,,,active,False
,,,,,withdrawn,False
,,,,,active,False
,,,,,active,False
,,,,,active,False
,,,,,active,False
,,,,,active,False
,,,,,active,False
,,,,,active,False
,,,,,active,False
,,,,,active,False
,,,,,active,True
,,,,,active,False
,,,,,active,False
,,,,,active,False
,,,,,active,False
,,,,,active,False
,,,,,withdrawn,False
,,,,,active,False
,,,,,active,False
,,,,,active,False
